step,train_loss,learning_rate
0,4.776789665222168,9.99997207561336e-05
1,5.269174098968506,9.999888302765347e-05
2,5.366561412811279,9.999748682391682e-05
3,5.553929805755615,9.999553216051892e-05
4,4.82276725769043,9.999301905929287e-05
5,5.019637584686279,9.998994754830941e-05
6,5.380634307861328,9.998631766187653e-05
7,5.234864234924316,9.99821294405392e-05
8,5.212547302246094,9.997738293107882e-05
9,4.554097652435303,9.997207818651274e-05
10,4.72188138961792,9.996621526609364e-05
11,5.269034385681152,9.995979423530892e-05
12,4.707677364349365,9.995281516587991e-05
13,5.090181827545166,9.99452781357611e-05
14,4.328558444976807,9.993718322913929e-05
15,4.940282344818115,9.992853053643257e-05
16,4.616497993469238,9.991932015428941e-05
17,4.766548156738281,9.99095521855875e-05
18,4.702282905578613,9.98992267394327e-05
19,4.589664459228516,9.988834393115766e-05
20,4.254678726196289,9.98769038823207e-05
21,4.112797260284424,9.986490672070436e-05
22,3.88486385345459,9.9852352580314e-05
23,4.224640369415283,9.983924160137627e-05
24,4.169772624969482,9.98255739303376e-05
25,3.901454210281372,9.981134971986251e-05
26,3.822129011154175,9.979656912883194e-05
27,3.7857232093811035,9.978123232234149e-05
28,3.6487174034118652,9.976533947169951e-05
29,3.7494750022888184,9.974889075442524e-05
30,3.5358688831329346,9.973188635424682e-05
31,3.3195319175720215,9.971432646109922e-05
32,3.4164443016052246,9.969621127112214e-05
33,3.1822712421417236,9.96775409866578e-05
34,3.1204047203063965,9.965831581624874e-05
35,3.318368673324585,9.963853597463536e-05
36,3.0034334659576416,9.961820168275362e-05
37,2.6774446964263916,9.959731316773262e-05
38,3.0299689769744873,9.957587066289192e-05
39,2.796354055404663,9.955387440773905e-05
40,3.377599000930786,9.953132464796676e-05
41,3.093714952468872,9.950822163545035e-05
42,3.324049472808838,9.94845656282448e-05
43,3.1592109203338623,9.94603568905819e-05
44,3.1941945552825928,9.943559569286733e-05
45,3.289188861846924,9.941028231167757e-05
46,3.403531074523926,9.93844170297569e-05
47,3.192523241043091,9.935800013601416e-05
48,3.2188756465911865,9.933103192551958e-05
49,3.0982067584991455,9.930351269950143e-05
50,3.1223204135894775,9.927544276534276e-05
51,3.062906265258789,9.924682243657779e-05
52,2.7976067066192627,9.921765203288861e-05
53,2.870059013366699,9.918793188010147e-05
54,3.071507692337036,9.915766231018318e-05
55,3.435850143432617,9.91268436612374e-05
56,3.353646755218506,9.909547627750089e-05
57,2.842447280883789,9.906356050933962e-05
58,2.9771065711975098,9.90310967132449e-05
59,2.925358533859253,9.899808525182936e-05
60,3.0232925415039062,9.896452649382293e-05
61,2.883816719055176,9.89304208140687e-05
62,3.2530758380889893,9.889576859351874e-05
63,3.099317789077759,9.886057021922984e-05
64,3.0529768466949463,9.882482608435924e-05
65,2.9931132793426514,9.878853658816015e-05
66,3.033949851989746,9.875170213597732e-05
67,3.068307399749756,9.871432313924255e-05
68,3.1939690113067627,9.867640001547008e-05
69,2.7750675678253174,9.863793318825186e-05
70,3.3811306953430176,9.859892308725296e-05
71,2.8025405406951904,9.85593701482066e-05
72,3.026686668395996,9.851927481290943e-05
73,3.6604559421539307,9.84786375292165e-05
74,2.9899754524230957,9.843745875103628e-05
75,3.2962288856506348,9.839573893832564e-05
76,3.282926321029663,9.835347855708465e-05
77,2.9860873222351074,9.83106780793514e-05
78,2.874001979827881,9.826733798319671e-05
79,3.4247705936431885,9.822345875271885e-05
80,3.3446319103240967,9.817904087803802e-05
81,3.2584190368652344,9.813408485529103e-05
82,3.457232713699341,9.808859118662559e-05
83,2.816079616546631,9.804256038019482e-05
84,2.9997096061706543,9.799599295015154e-05
85,3.151841402053833,9.794888941664254e-05
86,2.9593982696533203,9.790125030580269e-05
87,3.061336040496826,9.785307614974921e-05
88,3.036916971206665,9.780436748657558e-05
89,2.6941964626312256,9.775512486034563e-05
90,3.122295618057251,9.77053488210874e-05
91,2.8591363430023193,9.765503992478704e-05
92,2.9305179119110107,9.76041987333826e-05
93,3.0724680423736572,9.755282581475769e-05
94,3.2602405548095703,9.75009217427352e-05
95,3.461495876312256,9.744848709707091e-05
96,2.862553834915161,9.739552246344692e-05
97,3.063953399658203,9.734202843346522e-05
98,3.133139133453369,9.728800560464097e-05
99,3.0924384593963623,9.723345458039593e-05
100,2.965322971343994,9.717837597005166e-05
101,3.1010830402374268,9.712277038882272e-05
102,3.0542335510253906,9.706663845780981e-05
103,2.9506263732910156,9.700998080399284e-05
104,2.8622779846191406,9.695279806022388e-05
105,3.0577332973480225,9.689509086522016e-05
106,3.0948524475097656,9.68368598635569e-05
107,3.002206802368164,9.677810570566009e-05
108,2.5969884395599365,9.671882904779925e-05
109,2.9720804691314697,9.665903055208011e-05
110,2.5219478607177734,9.659871088643723e-05
111,3.082571029663086,9.653787072462642e-05
112,2.810701608657837,9.64765107462174e-05
113,2.8361878395080566,9.641463163658605e-05
114,3.3292295932769775,9.635223408690687e-05
115,3.0727531909942627,9.628931879414516e-05
116,3.332970380783081,9.622588646104932e-05
117,3.1599056720733643,9.616193779614292e-05
118,2.6805975437164307,9.609747351371688e-05
119,3.3366286754608154,9.603249433382143e-05
120,3.411864995956421,9.596700098225804e-05
121,2.8040530681610107,9.59009941905714e-05
122,3.2757928371429443,9.583447469604116e-05
123,3.2073612213134766,9.576744324167376e-05
124,3.310194492340088,9.569990057619411e-05
125,2.9316749572753906,9.56318474540372e-05
126,2.8118228912353516,9.556328463533973e-05
127,2.741856098175049,9.549421288593153e-05
128,3.365133047103882,9.542463297732711e-05
129,2.928088665008545,9.5354545686717e-05
130,3.0351927280426025,9.528395179695901e-05
131,3.294870615005493,9.521285209656958e-05
132,3.2958593368530273,9.514124737971491e-05
133,2.7245006561279297,9.506913844620213e-05
134,3.308769464492798,9.499652610147035e-05
135,3.1157848834991455,9.492341115658163e-05
136,2.59596848487854,9.484979442821195e-05
137,3.6755242347717285,9.477567673864211e-05
138,3.2243263721466064,9.470105891574854e-05
139,2.8947036266326904,9.462594179299401e-05
140,2.988377809524536,9.455032620941833e-05
141,2.8171989917755127,9.447421300962905e-05
142,2.986262559890747,9.439760304379192e-05
143,3.085386037826538,9.432049716762145e-05
144,3.3683149814605713,9.424289624237138e-05
145,3.0417370796203613,9.416480113482498e-05
146,3.3745479583740234,9.408621271728548e-05
147,2.725555419921875,9.400713186756619e-05
148,3.3818395137786865,9.392755946898082e-05
149,3.5820000171661377,9.384749641033353e-05
150,2.739428997039795,9.376694358590906e-05
151,3.28053617477417,9.368590189546265e-05
152,2.728634834289551,9.360437224421013e-05
153,3.1923766136169434,9.35223555428177e-05
154,3.098701238632202,9.343985270739178e-05
155,2.693881034851074,9.335686465946881e-05
156,2.901397228240967,9.327339232600495e-05
157,3.229541540145874,9.318943663936565e-05
158,2.916261672973633,9.310499853731536e-05
159,3.323242425918579,9.302007896300694e-05
160,3.013296127319336,9.293467886497118e-05
161,3.2326245307922363,9.284879919710627e-05
162,2.976710557937622,9.2762440918667e-05
163,2.9902775287628174,9.267560499425419e-05
164,2.4813461303710938,9.258829239380376e-05
165,2.6226325035095215,9.250050409257606e-05
166,3.3881728649139404,9.24122410711449e-05
167,3.047466278076172,9.23235043153865e-05
168,2.707491159439087,9.223429481646875e-05
169,2.894329786300659,9.21446135708398e-05
170,2.830348014831543,9.205446158021719e-05
171,2.944807529449463,9.196383985157651e-05
172,3.443974256515503,9.187274939714024e-05
173,2.7466278076171875,9.178119123436644e-05
174,2.6046955585479736,9.16891663859373e-05
175,3.530719041824341,9.15966758797478e-05
176,3.0545079708099365,9.15037207488942e-05
177,3.17708683013916,9.14103020316625e-05
178,3.275087833404541,9.131642077151688e-05
179,2.7950971126556396,9.122207801708796e-05
180,3.067089796066284,9.112727482216117e-05
181,3.1217124462127686,9.103201224566492e-05
182,3.23488450050354,9.093629135165885e-05
183,2.4176323413848877,9.084011320932182e-05
184,2.5863404273986816,9.074347889294011e-05
185,2.7795135974884033,9.064638948189532e-05
186,3.5094735622406006,9.054884606065237e-05
187,3.4793334007263184,9.04508497187473e-05
188,2.9042999744415283,9.035240155077525e-05
189,2.5154919624328613,9.025350265637807e-05
190,2.9274563789367676,9.015415414023217e-05
191,2.7437398433685303,9.005435711203611e-05
192,3.064316511154175,8.995411268649817e-05
193,2.937767744064331,8.9853421983324e-05
194,2.6137194633483887,8.975228612720409e-05
195,2.7819643020629883,8.96507062478011e-05
196,3.1023056507110596,8.954868347973736e-05
197,3.295189380645752,8.944621896258218e-05
198,3.038878917694092,8.934331384083906e-05
199,2.647257089614868,8.923996926393298e-05
200,2.977135181427002,8.91361863861975e-05
201,2.615870475769043,8.903196636686191e-05
202,2.7556354999542236,8.892731037003823e-05
203,2.7140071392059326,8.88222195647083e-05
204,2.7846102714538574,8.871669512471062e-05
205,3.3154258728027344,8.861073822872729e-05
206,2.8702940940856934,8.850435006027084e-05
207,2.6221067905426025,8.839753180767102e-05
208,3.1308059692382812,8.82902846640615e-05
209,3.0737802982330322,8.818260982736655e-05
210,2.984243631362915,8.807450850028769e-05
211,3.222987174987793,8.796598189029023e-05
212,2.807903289794922,8.785703120958977e-05
213,2.953016996383667,8.774765767513869e-05
214,3.26263165473938,8.763786250861249e-05
215,3.4798641204833984,8.752764693639632e-05
216,3.060978889465332,8.741701218957103e-05
217,3.3907861709594727,8.730595950389961e-05
218,3.213531494140625,8.719449011981331e-05
219,2.9409565925598145,8.708260528239782e-05
220,3.1839497089385986,8.69703062413793e-05
221,2.8723769187927246,8.685759425111049e-05
222,2.891415596008301,8.674447057055666e-05
223,3.0634539127349854,8.663093646328161e-05
224,2.782505750656128,8.651699319743342e-05
225,2.3593335151672363,8.640264204573043e-05
226,2.794419527053833,8.628788428544693e-05
227,2.541694402694702,8.617272119839898e-05
228,3.1806752681732178,8.605715407093e-05
229,2.8999183177948,8.594118419389642e-05
230,3.1188266277313232,8.582481286265335e-05
231,2.965183973312378,8.570804137703999e-05
232,3.037419557571411,8.55908710413652e-05
233,3.146944761276245,8.547330316439285e-05
234,3.2699015140533447,8.535533905932733e-05
235,3.064413547515869,8.523698004379871e-05
236,3.0753846168518066,8.511822743984817e-05
237,2.9675381183624268,8.499908257391318e-05
238,2.986652135848999,8.487954677681264e-05
239,2.903312921524048,8.475962138373207e-05
240,2.6390645503997803,8.463930773420868e-05
241,2.74074649810791,8.451860717211645e-05
242,2.9458682537078857,8.439752104565104e-05
243,3.32902193069458,8.427605070731476e-05
244,3.244370937347412,8.41541975139015e-05
245,2.710416316986084,8.403196282648152e-05
246,2.8542752265930176,8.390934801038628e-05
247,2.7954914569854736,8.378635443519323e-05
248,2.914109945297241,8.366298347471039e-05
249,2.7743616104125977,8.353923650696115e-05
250,3.151171922683716,8.341511491416874e-05
251,3.0114283561706543,8.329062008274096e-05
252,2.9467406272888184,8.316575340325449e-05
253,2.8825466632843018,8.30405162704395e-05
254,2.951564073562622,8.291491008316405e-05
255,2.955448865890503,8.278893624441845e-05
256,3.094078540802002,8.266259616129957e-05
257,2.675477981567383,8.25358912449951e-05
258,3.254697322845459,8.24088229107679e-05
259,2.700648307800293,8.228139257794012e-05
260,2.953951597213745,8.215360166987725e-05
261,3.5511891841888428,8.202545161397239e-05
262,2.8687732219696045,8.189694384163029e-05
263,3.211503267288208,8.176807978825115e-05
264,3.190420389175415,8.163886089321489e-05
265,2.888127565383911,8.150928859986487e-05
266,2.7933871746063232,8.137936435549178e-05
267,3.3611271381378174,8.124908961131756e-05
268,3.2695600986480713,8.111846582247915e-05
269,3.186967134475708,8.098749444801223e-05
270,3.3568551540374756,8.08561769508349e-05
271,2.7220780849456787,8.072451479773139e-05
272,2.909879446029663,8.059250945933566e-05
273,3.0718636512756348,8.046016241011496e-05
274,2.874875783920288,8.032747512835333e-05
275,2.996204137802124,8.01944490961352e-05
276,2.9482414722442627,8.006108579932867e-05
277,2.6250104904174805,7.992738672756904e-05
278,3.041404962539673,7.979335337424218e-05
279,2.765909433364868,7.965898723646773e-05
280,2.877070903778076,7.95242898150825e-05
281,3.0010786056518555,7.938926261462363e-05
282,3.1826634407043457,7.925390714331182e-05
283,3.3560879230499268,7.911822491303448e-05
284,2.7589902877807617,7.898221743932885e-05
285,2.981175422668457,7.884588624136503e-05
286,3.061920166015625,7.870923284192903e-05
287,3.0303380489349365,7.857225876740581e-05
288,2.8751285076141357,7.843496554776219e-05
289,3.0307459831237793,7.829735471652974e-05
290,2.9746973514556885,7.815942781078767e-05
291,2.886218309402466,7.80211863711457e-05
292,2.8100883960723877,7.78826319417268e-05
293,2.977266311645508,7.77437660701499e-05
294,3.017557382583618,7.760459030751279e-05
295,2.9501404762268066,7.746510620837454e-05
296,2.5303916931152344,7.732531533073834e-05
297,2.8745195865631104,7.718521923603399e-05
298,2.4288063049316406,7.704481948910051e-05
299,3.014448881149292,7.690411765816859e-05
300,2.7359278202056885,7.676311531484319e-05
301,2.7728450298309326,7.662181403408588e-05
302,3.271090030670166,7.648021539419731e-05
303,3.018533706665039,7.633832097679954e-05
304,3.251894474029541,7.61961323668184e-05
305,3.0933895111083984,7.605365115246577e-05
306,2.6001274585723877,7.591087892522189e-05
307,3.249101161956787,7.576781727981747e-05
308,3.3722119331359863,7.5624467814216e-05
309,2.7223503589630127,7.548083212959585e-05
310,3.2110729217529297,7.533691183033238e-05
311,3.1490638256073,7.519270852397999e-05
312,3.2483975887298584,7.504822382125429e-05
313,2.8636515140533447,7.490345933601392e-05
314,2.7383930683135986,7.475841668524266e-05
315,2.665576934814453,7.461309748903136e-05
316,3.283064603805542,7.446750337055978e-05
317,2.8529248237609863,7.43216359560785e-05
318,2.9532222747802734,7.417549687489073e-05
319,3.216813325881958,7.402908775933419e-05
320,3.2311949729919434,7.388241024476274e-05
321,2.6597983837127686,7.373546596952827e-05
322,3.2307815551757812,7.358825657496229e-05
323,3.037147045135498,7.344078370535757e-05
324,2.5170094966888428,7.32930490079499e-05
325,3.6345484256744385,7.314505413289962e-05
326,3.1344144344329834,7.299680073327319e-05
327,2.8032400608062744,7.284829046502466e-05
328,2.9440221786499023,7.269952498697734e-05
329,2.7392027378082275,7.25505059608051e-05
330,2.938509702682495,7.240123505101388e-05
331,3.0163347721099854,7.225171392492315e-05
332,3.2944681644439697,7.210194425264722e-05
333,2.975131034851074,7.195192770707653e-05
334,3.3096208572387695,7.180166596385913e-05
335,2.665707588195801,7.165116070138182e-05
336,3.3245623111724854,7.150041360075144e-05
337,3.5376877784729004,7.134942634577613e-05
338,2.6596689224243164,7.119820062294648e-05
339,3.227257013320923,7.104673812141673e-05
340,2.658398151397705,7.089504053298585e-05
341,3.121445894241333,7.074310955207867e-05
342,3.0327024459838867,7.059094687572698e-05
343,2.597435712814331,7.043855420355058e-05
344,2.8201849460601807,7.028593323773817e-05
345,3.2080507278442383,7.013308568302853e-05
346,2.868929147720337,6.998001324669133e-05
347,3.2533226013183594,6.982671763850813e-05
348,2.953979253768921,6.967320057075327e-05
349,3.1912882328033447,6.951946375817474e-05
350,2.888559341430664,6.936550891797498e-05
351,2.949747085571289,6.921133776979184e-05
352,2.4015579223632812,6.905695203567918e-05
353,2.5484938621520996,6.890235344008778e-05
354,3.328202962875366,6.874754370984605e-05
355,2.989138603210449,6.859252457414066e-05
356,2.6333677768707275,6.843729776449731e-05
357,2.85129976272583,6.828186501476143e-05
358,2.7699432373046875,6.812622806107868e-05
359,2.904789924621582,6.797038864187561e-05
360,3.3864362239837646,6.781434849784037e-05
361,2.6912732124328613,6.765810937190301e-05
362,2.539757251739502,6.75016730092163e-05
363,3.5109193325042725,6.734504115713601e-05
364,2.9793810844421387,6.718821556520147e-05
365,3.1151371002197266,6.70311979851161e-05
366,3.223450183868408,6.687399017072773e-05
367,2.7056984901428223,6.671659387800907e-05
368,3.0020480155944824,6.65590108650381e-05
369,3.053755283355713,6.640124289197844e-05
370,3.164320468902588,6.624329172105959e-05
371,2.3376495838165283,6.608515911655743e-05
372,2.5063180923461914,6.592684684477431e-05
373,2.71565318107605,6.576835667401947e-05
374,3.494204521179199,6.560969037458928e-05
375,3.441709518432617,6.545084971874733e-05
376,2.827024221420288,6.529183648070479e-05
377,2.4264094829559326,6.513265243660053e-05
378,2.874274253845215,6.497329936448125e-05
379,2.6812148094177246,6.481377904428166e-05
380,3.0009970664978027,6.465409325780463e-05
381,2.8578906059265137,6.449424378870119e-05
382,2.5308847427368164,6.43342324224507e-05
383,2.726200580596924,6.417406094634086e-05
384,3.0578548908233643,6.401373114944776e-05
385,3.248046398162842,6.385324482261593e-05
386,2.97052264213562,6.369260375843822e-05
387,2.5852625370025635,6.353180975123591e-05
388,2.917490005493164,6.337086459703863e-05
389,2.547239303588867,6.320977009356427e-05
390,2.66933536529541,6.304852804019888e-05
391,2.6600003242492676,6.288714023797669e-05
392,2.729400157928467,6.272560848955978e-05
393,3.24655818939209,6.256393459921821e-05
394,2.7986974716186523,6.240212037280964e-05
395,2.5393006801605225,6.22401676177593e-05
396,3.082016706466675,6.20780781430397e-05
397,3.013686180114746,6.191585375915053e-05
398,2.9013772010803223,6.175349627809836e-05
399,3.1508047580718994,6.159100751337638e-05
400,2.7515182495117188,6.14283892799443e-05
401,2.876488447189331,6.126564339420781e-05
402,3.2068772315979004,6.110277167399858e-05
403,3.4502975940704346,6.093977593855374e-05
404,3.009885311126709,6.0776658008495675e-05
405,3.3646059036254883,6.0613419705811627e-05
406,3.1456785202026367,6.04500628538334e-05
407,2.8666539192199707,6.028658927721697e-05
408,3.1558940410614014,6.0123000801922046e-05
409,2.8096470832824707,5.9959299255191794e-05
410,2.8395988941192627,5.97954864655323e-05
411,2.9897255897521973,5.963156426269226e-05
412,2.700209856033325,5.9467534477642434e-05
413,2.2780652046203613,5.9303398942555306e-05
414,2.7123970985412598,5.913915949078451e-05
415,2.4807095527648926,5.897481795684444e-05
416,3.147897243499756,5.881037617638971e-05
417,2.835674285888672,5.8645835986194656e-05
418,3.0428597927093506,5.848119922413285e-05
419,2.902620553970337,5.8316467729156494e-05
420,2.977830410003662,5.8151643341276024e-05
421,3.1117801666259766,5.798672790153937e-05
422,3.223780393600464,5.7821723252011545e-05
423,3.0081183910369873,5.765663123575401e-05
424,3.009535312652588,5.749145369680408e-05
425,2.916639804840088,5.732619248015433e-05
426,2.9324305057525635,5.716084943173201e-05
427,2.843402147293091,5.699542639837843e-05
428,2.583350419998169,5.682992522782823e-05
429,2.6811792850494385,5.666434776868894e-05
430,2.8865034580230713,5.649869587042011e-05
431,3.262775421142578,5.633297138331284e-05
432,3.2010245323181152,5.616717615846896e-05
433,2.6556968688964844,5.6001312047780486e-05
434,2.778459310531616,5.583538090390879e-05
435,2.731677532196045,5.5669384580264104e-05
436,2.844858169555664,5.550332493098458e-05
437,2.7201318740844727,5.533720381091579e-05
438,3.0854432582855225,5.51710230755899e-05
439,2.9558286666870117,5.50047845812049e-05
440,2.8910815715789795,5.483849018460405e-05
441,2.8212249279022217,5.467214174325492e-05
442,2.890730381011963,5.4505741115228784e-05
443,2.89748215675354,5.433929015917986e-05
444,3.0541038513183594,5.417279073432449e-05
445,2.620565414428711,5.400624470042035e-05
446,3.2127487659454346,5.3839653917745836e-05
447,2.6563079357147217,5.36730202470791e-05
448,2.90010404586792,5.350634554967733e-05
449,3.4973883628845215,5.333963168725607e-05
450,2.8256351947784424,5.31728805219682e-05
451,3.1760215759277344,5.3006093916383344e-05
452,3.1412534713745117,5.2839273733466964e-05
453,2.8221187591552734,5.26724218365596e-05
454,2.735095262527466,5.250554008935595e-05
455,3.3181798458099365,5.233863035588425e-05
456,3.214482545852661,5.217169450048523e-05
457,3.1108453273773193,5.200473438779145e-05
458,3.3032329082489014,5.1837751882706403e-05
459,2.650298833847046,5.1670748850383706e-05
460,2.8551559448242188,5.150372715620628e-05
461,3.0260584354400635,5.133668866576543e-05
462,2.8092496395111084,5.116963524484014e-05
463,2.942659616470337,5.100256875937612e-05
464,2.886862277984619,5.0835491075465045e-05
465,2.571442127227783,5.0668404059323615e-05
466,2.9762728214263916,5.050130957727286e-05
467,2.6922919750213623,5.033420949571711e-05
468,2.845266103744507,5.016710568112328e-05
469,2.948882579803467,4.999999999999999e-05
470,3.1342954635620117,4.9832894318876706e-05
471,3.30460262298584,4.9665790504282875e-05
472,2.690126657485962,4.949869042272712e-05
473,2.916149854660034,4.9331595940676356e-05
474,3.013282060623169,4.916450892453493e-05
475,2.9977965354919434,4.899743124062386e-05
476,2.819589376449585,4.883036475515984e-05
477,2.98769211769104,4.866331133423455e-05
478,2.9436447620391846,4.8496272843793705e-05
479,2.8604414463043213,4.832925114961628e-05
480,2.7723655700683594,4.8162248117293574e-05
481,2.922067403793335,4.7995265612208535e-05
482,2.972867012023926,4.782830549951476e-05
483,2.8925633430480957,4.7661369644115735e-05
484,2.4838268756866455,4.7494459910644036e-05
485,2.8134453296661377,4.732757816344039e-05
486,2.39164662361145,4.716072626653302e-05
487,2.9518189430236816,4.699390608361665e-05
488,2.6946725845336914,4.6827119478031795e-05
489,2.729044198989868,4.6660368312743914e-05
490,3.2153031826019287,4.649365445032263e-05
491,2.9739270210266113,4.632697975292088e-05
492,3.1934781074523926,4.616034608225414e-05
493,3.045854091644287,4.599375529957963e-05
494,2.544107675552368,4.58272092656755e-05
495,3.24167799949646,4.566070984082012e-05
496,3.33984637260437,4.54942588847712e-05
497,2.6679153442382812,4.5327858256745073e-05
498,3.1559903621673584,4.516150981539594e-05
499,3.1011698246002197,4.4995215418795085e-05
500,3.1776254177093506,4.482897692441009e-05
501,2.806206464767456,4.4662796189084186e-05
502,2.6963202953338623,4.449667506901541e-05
503,2.6161580085754395,4.433061541973589e-05
504,3.2345082759857178,4.41646190960912e-05
505,2.805083751678467,4.399868795221952e-05
506,2.9145214557647705,4.383282384153103e-05
507,3.1846797466278076,4.366702861668715e-05
508,3.192112445831299,4.350130412957988e-05
509,2.606501340866089,4.333565223131105e-05
510,3.1816599369049072,4.317007477217176e-05
511,2.9855761528015137,4.300457360162157e-05
512,2.4702413082122803,4.283915056826797e-05
513,3.622739791870117,4.2673807519845665e-05
514,3.1062207221984863,4.2508546303195905e-05
515,2.745344638824463,4.234336876424599e-05
516,2.9209210872650146,4.2178276747988446e-05
517,2.671701431274414,4.2013272098460624e-05
518,2.8991734981536865,4.184835665872397e-05
519,2.9750308990478516,4.168353227084349e-05
520,3.2606940269470215,4.1518800775867136e-05
521,2.9542787075042725,4.135416401380532e-05
522,3.281940221786499,4.118962382361026e-05
523,2.631089687347412,4.1025182043155514e-05
524,3.286604404449463,4.0860840509215455e-05
525,3.5096073150634766,4.0696601057444665e-05
526,2.622894525527954,4.0532465522357524e-05
527,3.188173294067383,4.03684357373077e-05
528,2.607128858566284,4.0204513534467666e-05
529,3.082008123397827,4.0040700744808164e-05
530,2.975595712661743,3.987699919807791e-05
531,2.5478739738464355,3.971341072278299e-05
532,2.7673192024230957,3.954993714616655e-05
533,3.1683878898620605,3.938658029418833e-05
534,2.8301665782928467,3.9223341991504276e-05
535,3.18896222114563,3.906022406144621e-05
536,2.913252115249634,3.889722832600137e-05
537,3.1428163051605225,3.8734356605792136e-05
538,2.852557897567749,3.8571610720055664e-05
539,2.9263174533843994,3.840899248662357e-05
540,2.3792622089385986,3.82465037219016e-05
541,2.5098683834075928,3.8084146240849423e-05
542,3.2993338108062744,3.792192185696025e-05
543,2.940901517868042,3.7759832382240644e-05
544,2.5802345275878906,3.75978796271903e-05
545,2.8124656677246094,3.743606540078173e-05
546,2.709465742111206,3.727439151044015e-05
547,2.8515236377716064,3.711285976202326e-05
548,3.361333131790161,3.6951471959801046e-05
549,2.6439661979675293,3.6790229906435664e-05
550,2.500445604324341,3.66291354029613e-05
551,3.496032238006592,3.6468190248764026e-05
552,2.937699317932129,3.630739624156173e-05
553,3.0717239379882812,3.6146755177384015e-05
554,3.2192065715789795,3.598626885055216e-05
555,2.6584084033966064,3.582593905365907e-05
556,2.9594552516937256,3.5665767577549235e-05
557,3.0219509601593018,3.5505756211298746e-05
558,3.1264405250549316,3.53459067421953e-05
559,2.310068130493164,3.5186220955718266e-05
560,2.455279588699341,3.502670063551868e-05
561,2.6509552001953125,3.4867347563399404e-05
562,3.4629080295562744,3.470816351929513e-05
563,3.451521873474121,3.4549150281252595e-05
564,2.7787601947784424,3.439030962541065e-05
565,2.372130870819092,3.423164332598045e-05
566,2.8476240634918213,3.407315315522563e-05
567,2.6481564044952393,3.3914840883442515e-05
568,2.9716179370880127,3.3756708278940354e-05
569,2.8302979469299316,3.3598757108021505e-05
570,2.495331048965454,3.3440989134961836e-05
571,2.6706666946411133,3.328340612199087e-05
572,3.0108442306518555,3.312600982927222e-05
573,3.2192728519439697,3.296880201488383e-05
574,2.943434476852417,3.281178443479847e-05
575,2.539783239364624,3.265495884286392e-05
576,2.8786001205444336,3.249832699078362e-05
577,2.501481056213379,3.2341890628096915e-05
578,2.6268794536590576,3.2185651502159565e-05
579,2.615922451019287,3.202961135812432e-05
580,2.70310115814209,3.187377193892128e-05
581,3.2168548107147217,3.171813498523851e-05
582,2.753110408782959,3.156270223550263e-05
583,2.519563674926758,3.140747542585931e-05
584,3.0635974407196045,3.1252456290153907e-05
585,2.9941186904907227,3.109764655991216e-05
586,2.8503220081329346,3.094304796432076e-05
587,3.131667375564575,3.078866223020811e-05
588,2.7178773880004883,3.0634491082024965e-05
589,2.8326778411865234,3.048053624182521e-05
590,3.1673922538757324,3.032679942924668e-05
591,3.4242069721221924,3.017328236149182e-05
592,2.970527410507202,3.0019986753308625e-05
593,3.338273286819458,2.986691431697142e-05
594,3.1212050914764404,2.9714066762261782e-05
595,2.81268048286438,2.956144579644937e-05
596,3.13897705078125,2.9409053124272955e-05
597,2.7737514972686768,2.9256890447921275e-05
598,2.789201259613037,2.9104959467014093e-05
599,2.94364857673645,2.895326187858322e-05
600,2.673583984375,2.8801799377053457e-05
601,2.2441956996917725,2.8650573654223826e-05
602,2.684457540512085,2.849958639924851e-05
603,2.4362423419952393,2.8348839298618144e-05
604,3.124704599380493,2.8198334036140836e-05
605,2.8158180713653564,2.804807229292343e-05
606,3.015019655227661,2.7898055747352758e-05
607,2.8669610023498535,2.7748286075076825e-05
608,2.9729790687561035,2.759876494898609e-05
609,3.0882911682128906,2.744949403919487e-05
610,3.2100181579589844,2.7300475013022632e-05
611,2.989840507507324,2.715170953497529e-05
612,2.985304832458496,2.700319926672679e-05
613,2.896760940551758,2.6854945867100346e-05
614,2.9045169353485107,2.6706950992050063e-05
615,2.8344931602478027,2.6559216294642415e-05
616,2.5336732864379883,2.641174342503771e-05
617,2.651606321334839,2.626453403047169e-05
618,2.843557357788086,2.6117589755237214e-05
619,3.236027717590332,2.5970912240665782e-05
620,3.174978494644165,2.5824503125109227e-05
621,2.6210553646087646,2.5678364043921477e-05
622,2.744870185852051,2.553249662944018e-05
623,2.6839988231658936,2.5386902510968598e-05
624,2.8313546180725098,2.5241583314757303e-05
625,2.6849639415740967,2.5096540663986043e-05
626,3.049281597137451,2.4951776178745675e-05
627,2.9235777854919434,2.4807291476019968e-05
628,2.8588685989379883,2.4663088169667586e-05
629,2.793243885040283,2.4519167870404098e-05
630,2.8799850940704346,2.437553218578395e-05
631,2.8571269512176514,2.423218272018247e-05
632,3.0284411907196045,2.4089121074778058e-05
633,2.5892395973205566,2.3946348847534167e-05
634,3.1932480335235596,2.380386763318153e-05
635,2.622587203979492,2.3661679023200395e-05
636,2.8852639198303223,2.351978460580263e-05
637,3.473782777786255,2.337818596591405e-05
638,2.7901878356933594,2.323688468515675e-05
639,3.160698413848877,2.309588234183134e-05
640,3.103464126586914,2.295518051089942e-05
641,2.786297082901001,2.2814780763965933e-05
642,2.7093727588653564,2.2674684669261594e-05
643,3.290138006210327,2.253489379162538e-05
644,3.1963911056518555,2.2395409692487148e-05
645,3.091057062149048,2.2256233929850038e-05
646,3.269446849822998,2.2117368058273155e-05
647,2.609978437423706,2.1978813628854254e-05
648,2.8252627849578857,2.1840572189212282e-05
649,3.009244203567505,2.170264528347023e-05
650,2.7836389541625977,2.156503445223777e-05
651,2.9154772758483887,2.142774123259416e-05
652,2.8608741760253906,2.129076715807094e-05
653,2.557354211807251,2.1154113758634946e-05
654,2.937507390975952,2.10177825606711e-05
655,2.6624927520751953,2.0881775086965468e-05
656,2.807077646255493,2.0746092856688123e-05
657,2.9231677055358887,2.0610737385376325e-05
658,3.110114812850952,2.0475710184917462e-05
659,3.2865447998046875,2.0341012763532236e-05
660,2.658280372619629,2.0206646625757763e-05
661,2.903007745742798,2.0072613272430902e-05
662,3.004934310913086,1.9938914200671295e-05
663,2.97176456451416,1.9805550903864754e-05
664,2.8082587718963623,1.967252487164661e-05
665,2.967578887939453,1.9539837589885007e-05
666,2.9087398052215576,1.940749054066429e-05
667,2.845454692840576,1.9275485202268555e-05
668,2.7525949478149414,1.9143823049165066e-05
669,2.8992621898651123,1.9012505551987748e-05
670,2.94653582572937,1.8881534177520835e-05
671,2.8668036460876465,1.87509103886824e-05
672,2.4558818340301514,1.862063564450819e-05
673,2.7843680381774902,1.8490711400135104e-05
674,2.359429121017456,1.8361139106785053e-05
675,2.9380300045013428,1.8231920211748806e-05
676,2.6684157848358154,1.81030561583697e-05
677,2.694181203842163,1.7974548386027568e-05
678,3.203641653060913,1.784639833012272e-05
679,2.949329376220703,1.771860742205986e-05
680,3.165174722671509,1.7591177089232067e-05
681,3.023181200027466,1.746410875500488e-05
682,2.5260581970214844,1.7337403838700416e-05
683,3.2229926586151123,1.7211063755581508e-05
684,3.3130881786346436,1.7085089916835906e-05
685,2.641751527786255,1.6959483729560454e-05
686,3.1391208171844482,1.6834246596745477e-05
687,3.0865890979766846,1.6709379917259008e-05
688,3.1698896884918213,1.6584885085831217e-05
689,2.7801828384399414,1.6460763493038802e-05
690,2.6670150756835938,1.633701652528956e-05
691,2.5986154079437256,1.6213645564806733e-05
692,3.1997053623199463,1.6090651989613676e-05
693,2.795116424560547,1.5968037173518434e-05
694,2.890547275543213,1.5845802486098455e-05
695,3.138131856918335,1.5723949292685175e-05
696,3.1578869819641113,1.5602478954348883e-05
697,2.5922162532806396,1.5481392827883472e-05
698,3.161717176437378,1.536069226579125e-05
699,2.965151071548462,1.5240378616267886e-05
700,2.4558374881744385,1.5120453223187291e-05
701,3.613534688949585,1.5000917426086752e-05
702,3.079557180404663,1.4881772560151757e-05
703,2.732603073120117,1.4763019956201235e-05
704,2.898146152496338,1.464466094067261e-05
705,2.6500935554504395,1.4526696835607088e-05
706,2.8837273120880127,1.4409128958634741e-05
707,2.963522434234619,1.4291958622959937e-05
708,3.254136085510254,1.4175187137346588e-05
709,2.9127209186553955,1.4058815806103523e-05
710,3.26750111579895,1.3942845929069963e-05
711,2.6008505821228027,1.3827278801600962e-05
712,3.2797303199768066,1.3712115714552996e-05
713,3.5145182609558105,1.3597357954269516e-05
714,2.6109371185302734,1.3483006802566514e-05
715,3.1708357334136963,1.3369063536718327e-05
716,2.5880894660949707,1.3255529429443268e-05
717,3.054858922958374,1.3142405748889456e-05
718,2.958885431289673,1.3029693758620623e-05
719,2.528092861175537,1.2917394717602103e-05
720,2.7341134548187256,1.2805509880186609e-05
721,3.156428337097168,1.2694040496100316e-05
722,2.8253538608551025,1.258298781042889e-05
723,3.1667933464050293,1.247235306360359e-05
724,2.8906524181365967,1.2362137491387414e-05
725,3.1377687454223633,1.2252342324861236e-05
726,2.843735456466675,1.2142968790410156e-05
727,2.923135280609131,1.2034018109709697e-05
728,2.3553147315979004,1.1925491499712247e-05
729,2.4705393314361572,1.1817390172633372e-05
730,3.288961410522461,1.1709715335938436e-05
731,2.9281654357910156,1.1602468192328919e-05
732,2.5638248920440674,1.1495649939729104e-05
733,2.8090977668762207,1.1389261771272648e-05
734,2.711181402206421,1.1283304875289321e-05
735,2.840566873550415,1.1177780435291626e-05
736,3.3368704319000244,1.1072689629961683e-05
737,2.6300134658813477,1.0968033633138017e-05
738,2.4821465015411377,1.0863813613802423e-05
739,3.4899284839630127,1.0760030736066948e-05
740,2.9341726303100586,1.0656686159160848e-05
741,3.058479070663452,1.055378103741774e-05
742,3.2020390033721924,1.0451316520262564e-05
743,2.632981777191162,1.0349293752198839e-05
744,2.959374189376831,1.0247713872795836e-05
745,2.999293327331543,1.014657801667592e-05
746,3.108286142349243,1.004588731350177e-05
747,2.2742419242858887,9.94564288796381e-06
748,2.439140558242798,9.845845859767742e-06
749,2.6418027877807617,9.746497343621845e-06
750,3.4468560218811035,9.64759844922468e-06
751,3.41575288772583,9.54915028125262e-06
752,2.7608649730682373,9.451153939347553e-06
753,2.358858823776245,9.353610518104596e-06
754,2.8273143768310547,9.256521107059819e-06
755,2.6390609741210938,9.159886790678109e-06
756,2.9470067024230957,9.063708648341093e-06
757,2.827038049697876,8.967987754335019e-06
758,2.473921775817871,8.872725177838756e-06
759,2.6590867042541504,8.777921982911965e-06
760,2.9899516105651855,8.683579228483055e-06
761,3.2148983478546143,8.589697968337432e-06
762,2.911264657974243,8.49627925110574e-06
763,2.53261661529541,8.403324120252146e-06
764,2.861299753189087,8.31083361406264e-06
765,2.4799976348876953,8.2188087656335e-06
766,2.599348306655884,8.127250602859685e-06
767,2.600085973739624,8.036160148423437e-06
768,2.696096897125244,7.945538419782765e-06
769,3.204277276992798,7.855386429160126e-06
770,2.749215841293335,7.765705183531185e-06
771,2.5008621215820312,7.676495684613422e-06
772,3.04183030128479,7.587758928855061e-06
773,2.9891357421875,7.499495907423877e-06
774,2.848020553588867,7.41170760619619e-06
775,3.123481273651123,7.324395005745761e-06
776,2.704941511154175,7.237559081332936e-06
777,2.8111464977264404,7.151200802893672e-06
778,3.1492505073547363,7.0653211350287644e-06
779,3.413484573364258,6.979921036993033e-06
780,2.9484598636627197,6.895001462684599e-06
781,3.3338260650634766,6.8105633606342885e-06
782,3.1087400913238525,6.726607673994991e-06
783,2.8082048892974854,6.643135340531128e-06
784,3.130805253982544,6.560147292608167e-06
785,2.7658565044403076,6.477644457182266e-06
786,2.7755730152130127,6.395627755789842e-06
787,2.921332836151123,6.314098104537316e-06
788,2.6533560752868652,6.233056414090906e-06
789,2.22664475440979,6.152503589666416e-06
790,2.6640708446502686,6.072440531019126e-06
791,2.4184305667877197,5.992868132433745e-06
792,3.1011312007904053,5.913787282714463e-06
793,2.7983968257904053,5.835198865174947e-06
794,3.0166919231414795,5.757103757628564e-06
795,2.854583740234375,5.679502832378487e-06
796,2.956773281097412,5.602396956208023e-06
797,3.086996078491211,5.525786990370891e-06
798,3.2011702060699463,5.4496737905816115e-06
799,2.959130048751831,5.374058207005923e-06
800,2.9672911167144775,5.298941084251397e-06
801,2.88317608833313,5.224323261357835e-06
802,2.881734609603882,5.150205571788004e-06
803,2.8117687702178955,5.076588843418335e-06
804,2.5175933837890625,5.0034738985296e-06
805,2.639770746231079,4.930861553797813e-06
806,2.832688093185425,4.858752620285036e-06
807,3.2397847175598145,4.787147903430375e-06
808,3.1671676635742188,4.716048203040949e-06
809,2.611457586288452,4.645454313282969e-06
810,2.7258546352386475,4.575367022672831e-06
811,2.670538902282715,4.505787114068425e-06
812,2.8171041011810303,4.4367153646602415e-06
813,2.6709842681884766,4.368152545962755e-06
814,3.0593249797821045,4.300099423805858e-06
815,2.9255824089050293,4.232556758326216e-06
816,2.830915689468384,4.165525303958822e-06
817,2.777846574783325,4.0990058094285845e-06
818,2.857113838195801,4.0329990177419444e-06
819,2.8532562255859375,3.967505666178561e-06
820,3.012324333190918,3.902526486283109e-06
821,2.5816736221313477,3.838062203857063e-06
822,3.175947904586792,3.774113538950675e-06
823,2.6282358169555664,3.710681205854833e-06
824,2.882549524307251,3.647765913093116e-06
825,3.466998815536499,3.5853683634139388e-06
826,2.7836828231811523,3.5234892537825976e-06
827,3.1411454677581787,3.462129275373572e-06
828,3.107759952545166,3.4012891135627616e-06
829,2.7728090286254883,3.340969447919868e-06
830,2.6874215602874756,3.2811709522007414e-06
831,3.286637544631958,3.2218942943399006e-06
832,3.19256591796875,3.163140136443083e-06
833,3.088871717453003,3.1049091347798162e-06
834,3.2695207595825195,3.0472019397761017e-06
835,2.599076986312866,2.9900191960071387e-06
836,2.809096336364746,2.933361542190167e-06
837,2.9976837635040283,2.8772296111772634e-06
838,2.7739710807800293,2.821624029948329e-06
839,2.9015252590179443,2.7665454196040508e-06
840,2.849024772644043,2.7119943953590256e-06
841,2.5491158962249756,2.657971566534785e-06
842,2.9177958965301514,2.6044775365530753e-06
843,2.6458804607391357,2.5515129029290944e-06
844,2.810441493988037,2.4990782572648042e-06
845,2.913130521774292,2.4471741852423195e-06
846,3.10910701751709,2.395801266617405e-06
847,3.2730305194854736,2.3449600752129556e-06
848,2.64817476272583,2.294651178912606e-06
849,2.8836822509765625,2.24487513965438e-06
850,2.9977481365203857,2.1956325134244184e-06
851,2.9639594554901123,2.1469238502507887e-06
852,2.7929067611694336,2.0987496941973066e-06
853,2.9674999713897705,2.0511105833574645e-06
854,2.8994333744049072,2.004007049848457e-06
855,2.8351080417633057,1.957439619805192e-06
856,2.74025297164917,1.911408813374423e-06
857,2.89233136177063,1.8659151447089813e-06
858,2.940211057662964,1.820959121961981e-06
859,2.8569276332855225,1.7765412472811735e-06
860,2.438431739807129,1.7326620168033068e-06
861,2.769603967666626,1.6893219206486199e-06
862,2.340986490249634,1.646521442915363e-06
863,2.9349896907806396,1.6042610616743747e-06
864,2.670823335647583,1.5625412489637304e-06
865,2.6844863891601562,1.521362470783524e-06
866,3.1943135261535645,1.4807251870905839e-06
867,2.9351396560668945,1.4406298517934094e-06
868,3.167603015899658,1.4010769127470485e-06
869,3.022716760635376,1.362066811748139e-06
870,2.5176522731781006,1.3235999845299359e-06
871,3.221132278442383,1.2856768607574596e-06
872,3.301114320755005,1.2482978640226883e-06
873,2.6420702934265137,1.2114634118398614e-06
874,3.128150224685669,1.1751739156407626e-06
875,3.0659708976745605,1.1394297807701658e-06
876,3.167015314102173,1.1042314064812853e-06
877,2.7684402465820312,1.0695791859313276e-06
878,2.660025119781494,1.035473506177096e-06
879,2.5863726139068604,1.001914748170655e-06
880,3.192575216293335,9.689032867551163e-07
881,2.7899749279022217,9.364394906603881e-07
882,2.888947010040283,9.045237224991212e-07
883,3.153141498565674,8.731563387626077e-07
884,3.1599361896514893,8.423376898168282e-07
885,2.5948781967163086,8.120681198985274e-07
886,3.1488375663757324,7.823479671113836e-07
887,2.9544098377227783,7.531775634222121e-07
888,2.4529855251312256,7.245572346572566e-07
889,3.61100697517395,6.964873004985757e-07
890,3.0735766887664795,6.689680744804345e-07
891,2.715198040008545,6.419998639858523e-07
892,2.9088802337646484,6.155829702431156e-07
893,2.6435041427612305,5.897176883224428e-07
894,2.872887372970581,5.644043071326918e-07
895,2.9572551250457764,5.39643109418124e-07
896,3.245832681655884,5.154343717552344e-07
897,2.9306020736694336,4.917783645496875e-07
898,3.2532198429107666,4.686753520332809e-07
899,2.5963518619537354,4.4612559226099746e-07
900,3.273660659790039,4.241293371081135e-07
901,3.4983742237091064,4.026868322674117e-07
902,2.6001951694488525,3.817983172464004e-07
903,3.1757266521453857,3.61464025364682e-07
904,2.576853036880493,3.4168418375129435e-07
905,3.0586440563201904,3.2245901334221816e-07
906,2.949463367462158,3.0378872887790104e-07
907,2.517958402633667,2.856735389008262e-07
908,2.7290239334106445,2.6811364575322005e-07
909,3.1384644508361816,2.511092455747926e-07
910,2.818662643432617,2.3466052830052263e-07
911,3.1663875579833984,2.1876767765853178e-07
912,2.878901720046997,2.0343087116807495e-07
913,3.136662006378174,1.8865028013751402e-07
914,2.8390982151031494,1.7442606966241956e-07
915,2.928119421005249,1.6075839862374445e-07
916,2.3458051681518555,1.4764741968600855e-07
917,2.467510223388672,1.3509327929563907e-07
918,3.2724645137786865,1.2309611767929965e-07
919,2.9214928150177,1.1165606884234154e-07
920,2.5568346977233887,1.0077326056730482e-07
921,2.797787666320801,9.044781441249183e-08
922,2.697282552719116,8.067984571059596e-08
923,2.8314285278320312,7.14694635674305e-08
924,3.3423004150390625,6.281677086071287e-08
925,2.630228281021118,5.4721864238893455e-08
926,2.486423969268799,4.718483412008967e-08
927,3.491905927658081,4.02057646910813e-08
928,2.9150307178497314,3.37847339063612e-08
929,3.061525583267212,2.7921813487269345e-08
930,3.205543041229248,2.2617068921187924e-08
931,2.624647855758667,1.787055946081413e-08
932,2.9419195652008057,1.3682338123488482e-08
933,3.01370906829834,1.0052451690617502e-08
934,3.101074695587158,6.980940707146372e-09
935,2.273522138595581,4.46783948109818e-09
936,2.435173511505127,2.5131760831964498e-09
937,2.64619779586792,1.1169723465487254e-09
938,3.445371389389038,2.7924386640787377e-10
939,3.4096384048461914,0.0
